country,id_json
Afghanistan,4.0
Afghanistan,4.0
Afghanistan,4.0
Afghanistan,4.0
Afghanistan,4.0
Afghanistan,4.0
Afghanistan,4.0
Afghanistan,4.0
Afghanistan,4.0
Afghanistan,4.0
Afghanistan,4.0
Afghanistan,4.0
Afghanistan,4.0
Albania,8.0
Albania,8.0
Albania,8.0
Albania,8.0
Albania,8.0
Albania,8.0
Albania,8.0
Albania,8.0
Albania,8.0
Albania,8.0
Albania,8.0
Albania,8.0
Albania,8.0
Algeria,12.0
Algeria,12.0
Algeria,12.0
Algeria,12.0
Algeria,12.0
Algeria,12.0
Algeria,12.0
Algeria,12.0
Algeria,12.0
Algeria,12.0
Algeria,12.0
Algeria,12.0
Algeria,12.0
Angola,24.0
Angola,24.0
Angola,24.0
Angola,24.0
Angola,24.0
Angola,24.0
Argentina,32.0
Argentina,32.0
Argentina,32.0
Argentina,32.0
Argentina,32.0
Argentina,32.0
Argentina,32.0
Argentina,32.0
Argentina,32.0
Argentina,32.0
Argentina,32.0
Argentina,32.0
Argentina,32.0
Armenia,51.0
Armenia,51.0
Armenia,51.0
Armenia,51.0
Armenia,51.0
Armenia,51.0
Armenia,51.0
Armenia,51.0
Armenia,51.0
Armenia,51.0
Armenia,51.0
Armenia,51.0
Armenia,51.0
Australia,36.0
Australia,36.0
Australia,36.0
Australia,36.0
Australia,36.0
Australia,36.0
Australia,36.0
Australia,36.0
Australia,36.0
Australia,36.0
Australia,36.0
Australia,36.0
Australia,36.0
Austria,40.0
Austria,40.0
Austria,40.0
Austria,40.0
Austria,40.0
Austria,40.0
Austria,40.0
Austria,40.0
Austria,40.0
Austria,40.0
Austria,40.0
Austria,40.0
Austria,40.0
Azerbaijan,31.0
Azerbaijan,31.0
Azerbaijan,31.0
Azerbaijan,31.0
Azerbaijan,31.0
Azerbaijan,31.0
Azerbaijan,31.0
Azerbaijan,31.0
Azerbaijan,31.0
Azerbaijan,31.0
Azerbaijan,31.0
Azerbaijan,31.0
Bahrain,48.0
Bahrain,48.0
Bahrain,48.0
Bahrain,48.0
Bahrain,48.0
Bahrain,48.0
Bahrain,48.0
Bahrain,48.0
Bahrain,48.0
Bahrain,48.0
Bahrain,48.0
Bahrain,48.0
Bahrain,48.0
Bangladesh,50.0
Bangladesh,50.0
Bangladesh,50.0
Bangladesh,50.0
Bangladesh,50.0
Bangladesh,50.0
Bangladesh,50.0
Bangladesh,50.0
Bangladesh,50.0
Bangladesh,50.0
Bangladesh,50.0
Bangladesh,50.0
Bangladesh,50.0
Belarus,112.0
Belarus,112.0
Belarus,112.0
Belarus,112.0
Belarus,112.0
Belarus,112.0
Belarus,112.0
Belarus,112.0
Belarus,112.0
Belarus,112.0
Belgium,56.0
Belgium,56.0
Belgium,56.0
Belgium,56.0
Belgium,56.0
Belgium,56.0
Belgium,56.0
Belgium,56.0
Belgium,56.0
Belgium,56.0
Belgium,56.0
Belgium,56.0
Belgium,56.0
Belize,84.0
Belize,84.0
Belize,84.0
Belize,84.0
Belize,84.0
Benin,204.0
Benin,204.0
Benin,204.0
Benin,204.0
Benin,204.0
Benin,204.0
Benin,204.0
Benin,204.0
Benin,204.0
Benin,204.0
Benin,204.0
Benin,204.0
Benin,204.0
Bhutan,64.0
Bhutan,64.0
Bhutan,64.0
Bhutan,64.0
Bhutan,64.0
Bolivia,68.0
Bolivia,68.0
Bolivia,68.0
Bolivia,68.0
Bolivia,68.0
Bolivia,68.0
Bolivia,68.0
Bolivia,68.0
Bolivia,68.0
Bolivia,68.0
Bolivia,68.0
Bolivia,68.0
Bolivia,68.0
Bosnia and Herzegovina,70.0
Bosnia and Herzegovina,70.0
Bosnia and Herzegovina,70.0
Bosnia and Herzegovina,70.0
Bosnia and Herzegovina,70.0
Bosnia and Herzegovina,70.0
Bosnia and Herzegovina,70.0
Bosnia and Herzegovina,70.0
Bosnia and Herzegovina,70.0
Bosnia and Herzegovina,70.0
Bosnia and Herzegovina,70.0
Bosnia and Herzegovina,70.0
Bosnia and Herzegovina,70.0
Botswana,72.0
Botswana,72.0
Botswana,72.0
Botswana,72.0
Botswana,72.0
Botswana,72.0
Botswana,72.0
Botswana,72.0
Botswana,72.0
Botswana,72.0
Botswana,72.0
Botswana,72.0
Botswana,72.0
Brazil,76.0
Brazil,76.0
Brazil,76.0
Brazil,76.0
Brazil,76.0
Brazil,76.0
Brazil,76.0
Brazil,76.0
Brazil,76.0
Brazil,76.0
Brazil,76.0
Brazil,76.0
Brazil,76.0
Bulgaria,100.0
Bulgaria,100.0
Bulgaria,100.0
Bulgaria,100.0
Bulgaria,100.0
Bulgaria,100.0
Bulgaria,100.0
Bulgaria,100.0
Bulgaria,100.0
Bulgaria,100.0
Bulgaria,100.0
Bulgaria,100.0
Bulgaria,100.0
Burkina Faso,854.0
Burkina Faso,854.0
Burkina Faso,854.0
Burkina Faso,854.0
Burkina Faso,854.0
Burkina Faso,854.0
Burkina Faso,854.0
Burkina Faso,854.0
Burkina Faso,854.0
Burkina Faso,854.0
Burkina Faso,854.0
Burkina Faso,854.0
Burkina Faso,854.0
Burundi,108.0
Burundi,108.0
Burundi,108.0
Burundi,108.0
Burundi,108.0
Burundi,108.0
Burundi,108.0
Burundi,108.0
Burundi,108.0
Cambodia,116.0
Cambodia,116.0
Cambodia,116.0
Cambodia,116.0
Cambodia,116.0
Cambodia,116.0
Cambodia,116.0
Cambodia,116.0
Cambodia,116.0
Cambodia,116.0
Cambodia,116.0
Cambodia,116.0
Cambodia,116.0
Cameroon,120.0
Cameroon,120.0
Cameroon,120.0
Cameroon,120.0
Cameroon,120.0
Cameroon,120.0
Cameroon,120.0
Cameroon,120.0
Cameroon,120.0
Cameroon,120.0
Cameroon,120.0
Cameroon,120.0
Cameroon,120.0
Canada,124.0
Canada,124.0
Canada,124.0
Canada,124.0
Canada,124.0
Canada,124.0
Canada,124.0
Canada,124.0
Canada,124.0
Canada,124.0
Canada,124.0
Canada,124.0
Canada,124.0
Central African Republic,140.0
Central African Republic,140.0
Central African Republic,140.0
Central African Republic,140.0
Central African Republic,140.0
Central African Republic,140.0
Central African Republic,140.0
Chad,148.0
Chad,148.0
Chad,148.0
Chad,148.0
Chad,148.0
Chad,148.0
Chad,148.0
Chad,148.0
Chad,148.0
Chad,148.0
Chad,148.0
Chad,148.0
Chad,148.0
Chile,152.0
Chile,152.0
Chile,152.0
Chile,152.0
Chile,152.0
Chile,152.0
Chile,152.0
Chile,152.0
Chile,152.0
Chile,152.0
Chile,152.0
Chile,152.0
Chile,152.0
China,156.0
China,156.0
China,156.0
China,156.0
China,156.0
China,156.0
China,156.0
China,156.0
China,156.0
China,156.0
China,156.0
China,156.0
China,156.0
Colombia,170.0
Colombia,170.0
Colombia,170.0
Colombia,170.0
Colombia,170.0
Colombia,170.0
Colombia,170.0
Colombia,170.0
Colombia,170.0
Colombia,170.0
Colombia,170.0
Colombia,170.0
Colombia,170.0
Comoros,174.0
Comoros,174.0
Comoros,174.0
Comoros,174.0
Comoros,174.0
Comoros,174.0
Comoros,174.0
Comoros,174.0
Comoros,174.0
Comoros,174.0
Comoros,174.0
Congo,178.0
Congo,178.0
Congo,178.0
Congo,178.0
Congo,178.0
Congo,178.0
Congo,178.0
Congo,178.0
Congo,178.0
Congo,178.0
Congo,178.0
Congo,178.0
Congo,178.0
Costa Rica,188.0
Costa Rica,188.0
Costa Rica,188.0
Costa Rica,188.0
Costa Rica,188.0
Costa Rica,188.0
Costa Rica,188.0
Costa Rica,188.0
Costa Rica,188.0
Costa Rica,188.0
Costa Rica,188.0
Costa Rica,188.0
Costa Rica,188.0
Côte d’Ivoire,384.0
Côte d’Ivoire,384.0
Côte d’Ivoire,384.0
Côte d’Ivoire,384.0
Côte d’Ivoire,384.0
Côte d’Ivoire,384.0
Côte d’Ivoire,384.0
Côte d’Ivoire,384.0
Côte d’Ivoire,384.0
Côte d’Ivoire,384.0
Côte d’Ivoire,384.0
Côte d’Ivoire,384.0
Croatia,191.0
Croatia,191.0
Croatia,191.0
Croatia,191.0
Croatia,191.0
Croatia,191.0
Croatia,191.0
Croatia,191.0
Croatia,191.0
Croatia,191.0
Croatia,191.0
Croatia,191.0
Croatia,191.0
Cuba,192.0
Cyprus,196.0
Cyprus,196.0
Cyprus,196.0
Cyprus,196.0
Cyprus,196.0
Cyprus,196.0
Cyprus,196.0
Cyprus,196.0
Cyprus,196.0
Cyprus,196.0
Cyprus,196.0
Cyprus,196.0
Cyprus,196.0
Czechia,203.0
Czechia,203.0
Czechia,203.0
Czechia,203.0
Czechia,203.0
Czechia,203.0
Czechia,203.0
Czechia,203.0
Czechia,203.0
Czechia,203.0
Czechia,203.0
Czechia,203.0
Czechia,203.0
Denmark,208.0
Denmark,208.0
Denmark,208.0
Denmark,208.0
Denmark,208.0
Denmark,208.0
Denmark,208.0
Denmark,208.0
Denmark,208.0
Denmark,208.0
Denmark,208.0
Denmark,208.0
Denmark,208.0
Djibouti,262.0
Djibouti,262.0
Djibouti,262.0
Dominican Republic,214.0
Dominican Republic,214.0
Dominican Republic,214.0
Dominican Republic,214.0
Dominican Republic,214.0
Dominican Republic,214.0
Dominican Republic,214.0
Dominican Republic,214.0
Dominican Republic,214.0
Dominican Republic,214.0
Dominican Republic,214.0
Dominican Republic,214.0
Dominican Republic,214.0
DR Congo,180.0
DR Congo,180.0
DR Congo,180.0
DR Congo,180.0
DR Congo,180.0
DR Congo,180.0
DR Congo,180.0
DR Congo,180.0
DR Congo,180.0
DR Congo,180.0
DR Congo,180.0
Ecuador,218.0
Ecuador,218.0
Ecuador,218.0
Ecuador,218.0
Ecuador,218.0
Ecuador,218.0
Ecuador,218.0
Ecuador,218.0
Ecuador,218.0
Ecuador,218.0
Ecuador,218.0
Ecuador,218.0
Ecuador,218.0
Egypt,818.0
Egypt,818.0
Egypt,818.0
Egypt,818.0
Egypt,818.0
Egypt,818.0
Egypt,818.0
Egypt,818.0
Egypt,818.0
Egypt,818.0
Egypt,818.0
Egypt,818.0
Egypt,818.0
El Salvador,222.0
El Salvador,222.0
El Salvador,222.0
El Salvador,222.0
El Salvador,222.0
El Salvador,222.0
El Salvador,222.0
El Salvador,222.0
El Salvador,222.0
El Salvador,222.0
El Salvador,222.0
El Salvador,222.0
El Salvador,222.0
Estonia,233.0
Estonia,233.0
Estonia,233.0
Estonia,233.0
Estonia,233.0
Estonia,233.0
Estonia,233.0
Estonia,233.0
Estonia,233.0
Estonia,233.0
Estonia,233.0
Estonia,233.0
Estonia,233.0
Eswatini,748.0
Eswatini,748.0
Eswatini,748.0
Ethiopia,231.0
Ethiopia,231.0
Ethiopia,231.0
Ethiopia,231.0
Ethiopia,231.0
Ethiopia,231.0
Ethiopia,231.0
Ethiopia,231.0
Ethiopia,231.0
Ethiopia,231.0
Ethiopia,231.0
Ethiopia,231.0
Ethiopia,231.0
Finland,246.0
Finland,246.0
Finland,246.0
Finland,246.0
Finland,246.0
Finland,246.0
Finland,246.0
Finland,246.0
Finland,246.0
Finland,246.0
Finland,246.0
Finland,246.0
Finland,246.0
France,250.0
France,250.0
France,250.0
France,250.0
France,250.0
France,250.0
France,250.0
France,250.0
France,250.0
France,250.0
France,250.0
France,250.0
France,250.0
Gabon,266.0
Gabon,266.0
Gabon,266.0
Gabon,266.0
Gabon,266.0
Gabon,266.0
Gabon,266.0
Gabon,266.0
Gabon,266.0
Gabon,266.0
Gabon,266.0
Gabon,266.0
Gambia,270.0
Gambia,270.0
Gambia,270.0
Gambia,270.0
Gambia,270.0
Gambia,270.0
Gambia,270.0
Georgia,268.0
Georgia,268.0
Georgia,268.0
Georgia,268.0
Georgia,268.0
Georgia,268.0
Georgia,268.0
Georgia,268.0
Georgia,268.0
Georgia,268.0
Georgia,268.0
Georgia,268.0
Georgia,268.0
Germany,276.0
Germany,276.0
Germany,276.0
Germany,276.0
Germany,276.0
Germany,276.0
Germany,276.0
Germany,276.0
Germany,276.0
Germany,276.0
Germany,276.0
Germany,276.0
Germany,276.0
Ghana,288.0
Ghana,288.0
Ghana,288.0
Ghana,288.0
Ghana,288.0
Ghana,288.0
Ghana,288.0
Ghana,288.0
Ghana,288.0
Ghana,288.0
Ghana,288.0
Ghana,288.0
Ghana,288.0
Greece,300.0
Greece,300.0
Greece,300.0
Greece,300.0
Greece,300.0
Greece,300.0
Greece,300.0
Greece,300.0
Greece,300.0
Greece,300.0
Greece,300.0
Greece,300.0
Greece,300.0
Guatemala,320.0
Guatemala,320.0
Guatemala,320.0
Guatemala,320.0
Guatemala,320.0
Guatemala,320.0
Guatemala,320.0
Guatemala,320.0
Guatemala,320.0
Guatemala,320.0
Guatemala,320.0
Guatemala,320.0
Guatemala,320.0
Guinea,324.0
Guinea,324.0
Guinea,324.0
Guinea,324.0
Guinea,324.0
Guinea,324.0
Guinea,324.0
Guinea,324.0
Guinea,324.0
Guinea,324.0
Guinea,324.0
Guinea,324.0
Guinea,324.0
Guyana,328.0
Haiti,332.0
Haiti,332.0
Haiti,332.0
Haiti,332.0
Haiti,332.0
Haiti,332.0
Haiti,332.0
Haiti,332.0
Haiti,332.0
Honduras,340.0
Honduras,340.0
Honduras,340.0
Honduras,340.0
Honduras,340.0
Honduras,340.0
Honduras,340.0
Honduras,340.0
Honduras,340.0
Honduras,340.0
Honduras,340.0
Honduras,340.0
Honduras,340.0
Hong Kong SAR of China,344.0
Hong Kong SAR of China,344.0
Hong Kong SAR of China,344.0
Hong Kong SAR of China,344.0
Hong Kong SAR of China,344.0
Hong Kong SAR of China,344.0
Hong Kong SAR of China,344.0
Hong Kong SAR of China,344.0
Hong Kong SAR of China,344.0
Hong Kong SAR of China,344.0
Hong Kong SAR of China,344.0
Hong Kong SAR of China,344.0
Hong Kong SAR of China,344.0
Hungary,348.0
Hungary,348.0
Hungary,348.0
Hungary,348.0
Hungary,348.0
Hungary,348.0
Hungary,348.0
Hungary,348.0
Hungary,348.0
Hungary,348.0
Hungary,348.0
Hungary,348.0
Hungary,348.0
Iceland,352.0
Iceland,352.0
Iceland,352.0
Iceland,352.0
Iceland,352.0
Iceland,352.0
Iceland,352.0
Iceland,352.0
Iceland,352.0
Iceland,352.0
Iceland,352.0
Iceland,352.0
Iceland,352.0
India,356.0
India,356.0
India,356.0
India,356.0
India,356.0
India,356.0
India,356.0
India,356.0
India,356.0
India,356.0
India,356.0
India,356.0
India,356.0
Indonesia,360.0
Indonesia,360.0
Indonesia,360.0
Indonesia,360.0
Indonesia,360.0
Indonesia,360.0
Indonesia,360.0
Indonesia,360.0
Indonesia,360.0
Indonesia,360.0
Indonesia,360.0
Indonesia,360.0
Indonesia,360.0
Iran,364.0
Iran,364.0
Iran,364.0
Iran,364.0
Iran,364.0
Iran,364.0
Iran,364.0
Iran,364.0
Iran,364.0
Iran,364.0
Iran,364.0
Iran,364.0
Iran,364.0
Iraq,368.0
Iraq,368.0
Iraq,368.0
Iraq,368.0
Iraq,368.0
Iraq,368.0
Iraq,368.0
Iraq,368.0
Iraq,368.0
Iraq,368.0
Iraq,368.0
Iraq,368.0
Iraq,368.0
Ireland,372.0
Ireland,372.0
Ireland,372.0
Ireland,372.0
Ireland,372.0
Ireland,372.0
Ireland,372.0
Ireland,372.0
Ireland,372.0
Ireland,372.0
Ireland,372.0
Ireland,372.0
Ireland,372.0
Israel,376.0
Israel,376.0
Israel,376.0
Israel,376.0
Israel,376.0
Israel,376.0
Israel,376.0
Israel,376.0
Israel,376.0
Israel,376.0
Israel,376.0
Israel,376.0
Israel,376.0
Italy,380.0
Italy,380.0
Italy,380.0
Italy,380.0
Italy,380.0
Italy,380.0
Italy,380.0
Italy,380.0
Italy,380.0
Italy,380.0
Italy,380.0
Italy,380.0
Italy,380.0
Jamaica,388.0
Jamaica,388.0
Jamaica,388.0
Jamaica,388.0
Jamaica,388.0
Jamaica,388.0
Jamaica,388.0
Jamaica,388.0
Jamaica,388.0
Jamaica,388.0
Jamaica,388.0
Jamaica,388.0
Jamaica,388.0
Japan,392.0
Japan,392.0
Japan,392.0
Japan,392.0
Japan,392.0
Japan,392.0
Japan,392.0
Japan,392.0
Japan,392.0
Japan,392.0
Japan,392.0
Japan,392.0
Japan,392.0
Jordan,400.0
Jordan,400.0
Jordan,400.0
Jordan,400.0
Jordan,400.0
Jordan,400.0
Jordan,400.0
Jordan,400.0
Jordan,400.0
Jordan,400.0
Jordan,400.0
Jordan,400.0
Jordan,400.0
Kazakhstan,398.0
Kazakhstan,398.0
Kazakhstan,398.0
Kazakhstan,398.0
Kazakhstan,398.0
Kazakhstan,398.0
Kazakhstan,398.0
Kazakhstan,398.0
Kazakhstan,398.0
Kazakhstan,398.0
Kazakhstan,398.0
Kazakhstan,398.0
Kazakhstan,398.0
Kenya,404.0
Kenya,404.0
Kenya,404.0
Kenya,404.0
Kenya,404.0
Kenya,404.0
Kenya,404.0
Kenya,404.0
Kenya,404.0
Kenya,404.0
Kenya,404.0
Kenya,404.0
Kenya,404.0
Kosovo,
Kosovo,
Kosovo,
Kosovo,
Kosovo,
Kosovo,
Kosovo,
Kosovo,
Kosovo,
Kosovo,
Kosovo,
Kosovo,
Kosovo,
Kuwait,414.0
Kuwait,414.0
Kuwait,414.0
Kuwait,414.0
Kuwait,414.0
Kuwait,414.0
Kuwait,414.0
Kuwait,414.0
Kuwait,414.0
Kuwait,414.0
Kuwait,414.0
Kuwait,414.0
Kyrgyzstan,417.0
Kyrgyzstan,417.0
Kyrgyzstan,417.0
Kyrgyzstan,417.0
Kyrgyzstan,417.0
Kyrgyzstan,417.0
Kyrgyzstan,417.0
Kyrgyzstan,417.0
Kyrgyzstan,417.0
Kyrgyzstan,417.0
Kyrgyzstan,417.0
Kyrgyzstan,417.0
Kyrgyzstan,417.0
Lao PDR,418.0
Lao PDR,418.0
Lao PDR,418.0
Lao PDR,418.0
Lao PDR,418.0
Lao PDR,418.0
Lao PDR,418.0
Lao PDR,418.0
Lao PDR,418.0
Lao PDR,418.0
Lao PDR,418.0
Lao PDR,418.0
Latvia,428.0
Latvia,428.0
Latvia,428.0
Latvia,428.0
Latvia,428.0
Latvia,428.0
Latvia,428.0
Latvia,428.0
Latvia,428.0
Latvia,428.0
Latvia,428.0
Latvia,428.0
Latvia,428.0
Lebanon,422.0
Lebanon,422.0
Lebanon,422.0
Lebanon,422.0
Lebanon,422.0
Lebanon,422.0
Lebanon,422.0
Lebanon,422.0
Lebanon,422.0
Lebanon,422.0
Lebanon,422.0
Lebanon,422.0
Lebanon,422.0
Lesotho,426.0
Lesotho,426.0
Lesotho,426.0
Lesotho,426.0
Lesotho,426.0
Lesotho,426.0
Lesotho,426.0
Lesotho,426.0
Lesotho,426.0
Lesotho,426.0
Liberia,430.0
Liberia,430.0
Liberia,430.0
Liberia,430.0
Liberia,430.0
Liberia,430.0
Liberia,430.0
Liberia,430.0
Liberia,430.0
Liberia,430.0
Liberia,430.0
Liberia,430.0
Liberia,430.0
Libya,434.0
Libya,434.0
Libya,434.0
Libya,434.0
Libya,434.0
Libya,434.0
Libya,434.0
Libya,434.0
Libya,434.0
Libya,434.0
Libya,434.0
Libya,434.0
Lithuania,440.0
Lithuania,440.0
Lithuania,440.0
Lithuania,440.0
Lithuania,440.0
Lithuania,440.0
Lithuania,440.0
Lithuania,440.0
Lithuania,440.0
Lithuania,440.0
Lithuania,440.0
Lithuania,440.0
Lithuania,440.0
Luxembourg,442.0
Luxembourg,442.0
Luxembourg,442.0
Luxembourg,442.0
Luxembourg,442.0
Luxembourg,442.0
Luxembourg,442.0
Luxembourg,442.0
Luxembourg,442.0
Luxembourg,442.0
Luxembourg,442.0
Luxembourg,442.0
Luxembourg,442.0
Madagascar,450.0
Madagascar,450.0
Madagascar,450.0
Madagascar,450.0
Madagascar,450.0
Madagascar,450.0
Madagascar,450.0
Madagascar,450.0
Madagascar,450.0
Madagascar,450.0
Madagascar,450.0
Madagascar,450.0
Madagascar,450.0
Malawi,454.0
Malawi,454.0
Malawi,454.0
Malawi,454.0
Malawi,454.0
Malawi,454.0
Malawi,454.0
Malawi,454.0
Malawi,454.0
Malawi,454.0
Malawi,454.0
Malawi,454.0
Malawi,454.0
Malaysia,458.0
Malaysia,458.0
Malaysia,458.0
Malaysia,458.0
Malaysia,458.0
Malaysia,458.0
Malaysia,458.0
Malaysia,458.0
Malaysia,458.0
Malaysia,458.0
Malaysia,458.0
Malaysia,458.0
Malaysia,458.0
Maldives,462.0
Maldives,462.0
Mali,466.0
Mali,466.0
Mali,466.0
Mali,466.0
Mali,466.0
Mali,466.0
Mali,466.0
Mali,466.0
Mali,466.0
Mali,466.0
Mali,466.0
Mali,466.0
Mali,466.0
Malta,470.0
Malta,470.0
Malta,470.0
Malta,470.0
Malta,470.0
Malta,470.0
Malta,470.0
Malta,470.0
Malta,470.0
Malta,470.0
Malta,470.0
Malta,470.0
Malta,470.0
Mauritania,478.0
Mauritania,478.0
Mauritania,478.0
Mauritania,478.0
Mauritania,478.0
Mauritania,478.0
Mauritania,478.0
Mauritania,478.0
Mauritania,478.0
Mauritania,478.0
Mauritania,478.0
Mauritania,478.0
Mauritania,478.0
Mauritius,480.0
Mauritius,480.0
Mauritius,480.0
Mauritius,480.0
Mauritius,480.0
Mauritius,480.0
Mauritius,480.0
Mauritius,480.0
Mauritius,480.0
Mauritius,480.0
Mauritius,480.0
Mauritius,480.0
Mauritius,480.0
Mexico,484.0
Mexico,484.0
Mexico,484.0
Mexico,484.0
Mexico,484.0
Mexico,484.0
Mexico,484.0
Mexico,484.0
Mexico,484.0
Mexico,484.0
Mexico,484.0
Mexico,484.0
Mexico,484.0
Mongolia,496.0
Mongolia,496.0
Mongolia,496.0
Mongolia,496.0
Mongolia,496.0
Mongolia,496.0
Mongolia,496.0
Mongolia,496.0
Mongolia,496.0
Mongolia,496.0
Mongolia,496.0
Mongolia,496.0
Mongolia,496.0
Montenegro,499.0
Montenegro,499.0
Montenegro,499.0
Montenegro,499.0
Montenegro,499.0
Montenegro,499.0
Montenegro,499.0
Montenegro,499.0
Montenegro,499.0
Montenegro,499.0
Montenegro,499.0
Montenegro,499.0
Montenegro,499.0
Morocco,504.0
Morocco,504.0
Morocco,504.0
Morocco,504.0
Morocco,504.0
Morocco,504.0
Morocco,504.0
Morocco,504.0
Morocco,504.0
Morocco,504.0
Morocco,504.0
Morocco,504.0
Morocco,504.0
Mozambique,508.0
Mozambique,508.0
Mozambique,508.0
Mozambique,508.0
Mozambique,508.0
Mozambique,508.0
Mozambique,508.0
Mozambique,508.0
Mozambique,508.0
Mozambique,508.0
Mozambique,508.0
Mozambique,508.0
Myanmar,104.0
Myanmar,104.0
Myanmar,104.0
Myanmar,104.0
Myanmar,104.0
Myanmar,104.0
Myanmar,104.0
Myanmar,104.0
Myanmar,104.0
Myanmar,104.0
Myanmar,104.0
Myanmar,104.0
Myanmar,104.0
Namibia,516.0
Namibia,516.0
Namibia,516.0
Namibia,516.0
Namibia,516.0
Namibia,516.0
Namibia,516.0
Namibia,516.0
Namibia,516.0
Namibia,516.0
Namibia,516.0
Nepal,524.0
Nepal,524.0
Nepal,524.0
Nepal,524.0
Nepal,524.0
Nepal,524.0
Nepal,524.0
Nepal,524.0
Nepal,524.0
Nepal,524.0
Nepal,524.0
Nepal,524.0
Nepal,524.0
Netherlands,528.0
Netherlands,528.0
Netherlands,528.0
Netherlands,528.0
Netherlands,528.0
Netherlands,528.0
Netherlands,528.0
Netherlands,528.0
Netherlands,528.0
Netherlands,528.0
Netherlands,528.0
Netherlands,528.0
Netherlands,528.0
New Zealand,554.0
New Zealand,554.0
New Zealand,554.0
New Zealand,554.0
New Zealand,554.0
New Zealand,554.0
New Zealand,554.0
New Zealand,554.0
New Zealand,554.0
New Zealand,554.0
New Zealand,554.0
New Zealand,554.0
New Zealand,554.0
Nicaragua,558.0
Nicaragua,558.0
Nicaragua,558.0
Nicaragua,558.0
Nicaragua,558.0
Nicaragua,558.0
Nicaragua,558.0
Nicaragua,558.0
Nicaragua,558.0
Nicaragua,558.0
Nicaragua,558.0
Nicaragua,558.0
Nicaragua,558.0
Niger,562.0
Niger,562.0
Niger,562.0
Niger,562.0
Niger,562.0
Niger,562.0
Niger,562.0
Niger,562.0
Niger,562.0
Niger,562.0
Niger,562.0
Niger,562.0
Niger,562.0
Nigeria,566.0
Nigeria,566.0
Nigeria,566.0
Nigeria,566.0
Nigeria,566.0
Nigeria,566.0
Nigeria,566.0
Nigeria,566.0
Nigeria,566.0
Nigeria,566.0
Nigeria,566.0
Nigeria,566.0
Nigeria,566.0
North Cyprus,
North Cyprus,
North Cyprus,
North Cyprus,
North Cyprus,
North Cyprus,
North Cyprus,
North Cyprus,
North Cyprus,
North Macedonia,807.0
North Macedonia,807.0
North Macedonia,807.0
North Macedonia,807.0
North Macedonia,807.0
North Macedonia,807.0
North Macedonia,807.0
North Macedonia,807.0
North Macedonia,807.0
North Macedonia,807.0
North Macedonia,807.0
North Macedonia,807.0
North Macedonia,807.0
Norway,578.0
Norway,578.0
Norway,578.0
Norway,578.0
Norway,578.0
Norway,578.0
Norway,578.0
Norway,578.0
Norway,578.0
Norway,578.0
Norway,578.0
Norway,578.0
Norway,578.0
Oman,512.0
Oman,512.0
Oman,512.0
Pakistan,586.0
Pakistan,586.0
Pakistan,586.0
Pakistan,586.0
Pakistan,586.0
Pakistan,586.0
Pakistan,586.0
Pakistan,586.0
Pakistan,586.0
Pakistan,586.0
Pakistan,586.0
Pakistan,586.0
Pakistan,586.0
Panama,591.0
Panama,591.0
Panama,591.0
Panama,591.0
Panama,591.0
Panama,591.0
Panama,591.0
Panama,591.0
Panama,591.0
Panama,591.0
Panama,591.0
Panama,591.0
Panama,591.0
Paraguay,600.0
Paraguay,600.0
Paraguay,600.0
Paraguay,600.0
Paraguay,600.0
Paraguay,600.0
Paraguay,600.0
Paraguay,600.0
Paraguay,600.0
Paraguay,600.0
Paraguay,600.0
Paraguay,600.0
Paraguay,600.0
Peru,604.0
Peru,604.0
Peru,604.0
Peru,604.0
Peru,604.0
Peru,604.0
Peru,604.0
Peru,604.0
Peru,604.0
Peru,604.0
Peru,604.0
Peru,604.0
Peru,604.0
Philippines,608.0
Philippines,608.0
Philippines,608.0
Philippines,608.0
Philippines,608.0
Philippines,608.0
Philippines,608.0
Philippines,608.0
Philippines,608.0
Philippines,608.0
Philippines,608.0
Philippines,608.0
Philippines,608.0
Poland,616.0
Poland,616.0
Poland,616.0
Poland,616.0
Poland,616.0
Poland,616.0
Poland,616.0
Poland,616.0
Poland,616.0
Poland,616.0
Poland,616.0
Poland,616.0
Poland,616.0
Portugal,620.0
Portugal,620.0
Portugal,620.0
Portugal,620.0
Portugal,620.0
Portugal,620.0
Portugal,620.0
Portugal,620.0
Portugal,620.0
Portugal,620.0
Portugal,620.0
Portugal,620.0
Portugal,620.0
Puerto Rico,630.0
Puerto Rico,630.0
Qatar,634.0
Qatar,634.0
Qatar,634.0
Qatar,634.0
Qatar,634.0
Qatar,634.0
Qatar,634.0
Republic of Korea,410.0
Republic of Korea,410.0
Republic of Korea,410.0
Republic of Korea,410.0
Republic of Korea,410.0
Republic of Korea,410.0
Republic of Korea,410.0
Republic of Korea,410.0
Republic of Korea,410.0
Republic of Korea,410.0
Republic of Korea,410.0
Republic of Korea,410.0
Republic of Korea,410.0
Republic of Moldova,498.0
Republic of Moldova,498.0
Republic of Moldova,498.0
Republic of Moldova,498.0
Republic of Moldova,498.0
Republic of Moldova,498.0
Republic of Moldova,498.0
Republic of Moldova,498.0
Republic of Moldova,498.0
Republic of Moldova,498.0
Republic of Moldova,498.0
Republic of Moldova,498.0
Republic of Moldova,498.0
Romania,642.0
Romania,642.0
Romania,642.0
Romania,642.0
Romania,642.0
Romania,642.0
Romania,642.0
Romania,642.0
Romania,642.0
Romania,642.0
Romania,642.0
Romania,642.0
Romania,642.0
Russian Federation,643.0
Russian Federation,643.0
Russian Federation,643.0
Russian Federation,643.0
Russian Federation,643.0
Russian Federation,643.0
Russian Federation,643.0
Russian Federation,643.0
Russian Federation,643.0
Russian Federation,643.0
Russian Federation,643.0
Russian Federation,643.0
Russian Federation,643.0
Rwanda,646.0
Rwanda,646.0
Rwanda,646.0
Rwanda,646.0
Rwanda,646.0
Rwanda,646.0
Rwanda,646.0
Rwanda,646.0
Rwanda,646.0
Rwanda,646.0
Saudi Arabia,682.0
Saudi Arabia,682.0
Saudi Arabia,682.0
Saudi Arabia,682.0
Saudi Arabia,682.0
Saudi Arabia,682.0
Saudi Arabia,682.0
Saudi Arabia,682.0
Saudi Arabia,682.0
Saudi Arabia,682.0
Saudi Arabia,682.0
Saudi Arabia,682.0
Saudi Arabia,682.0
Senegal,686.0
Senegal,686.0
Senegal,686.0
Senegal,686.0
Senegal,686.0
Senegal,686.0
Senegal,686.0
Senegal,686.0
Senegal,686.0
Senegal,686.0
Senegal,686.0
Senegal,686.0
Senegal,686.0
Serbia,688.0
Serbia,688.0
Serbia,688.0
Serbia,688.0
Serbia,688.0
Serbia,688.0
Serbia,688.0
Serbia,688.0
Serbia,688.0
Serbia,688.0
Serbia,688.0
Serbia,688.0
Serbia,688.0
Sierra Leone,694.0
Sierra Leone,694.0
Sierra Leone,694.0
Sierra Leone,694.0
Sierra Leone,694.0
Sierra Leone,694.0
Sierra Leone,694.0
Sierra Leone,694.0
Sierra Leone,694.0
Sierra Leone,694.0
Sierra Leone,694.0
Sierra Leone,694.0
Sierra Leone,694.0
Singapore,702.0
Singapore,702.0
Singapore,702.0
Singapore,702.0
Singapore,702.0
Singapore,702.0
Singapore,702.0
Singapore,702.0
Singapore,702.0
Singapore,702.0
Singapore,702.0
Singapore,702.0
Singapore,702.0
Slovakia,703.0
Slovakia,703.0
Slovakia,703.0
Slovakia,703.0
Slovakia,703.0
Slovakia,703.0
Slovakia,703.0
Slovakia,703.0
Slovakia,703.0
Slovakia,703.0
Slovakia,703.0
Slovakia,703.0
Slovakia,703.0
Slovenia,705.0
Slovenia,705.0
Slovenia,705.0
Slovenia,705.0
Slovenia,705.0
Slovenia,705.0
Slovenia,705.0
Slovenia,705.0
Slovenia,705.0
Slovenia,705.0
Slovenia,705.0
Slovenia,705.0
Slovenia,705.0
Somalia,706.0
Somalia,706.0
Somalia,706.0
Somalia,706.0
Somalia,706.0
Somaliland Region,
Somaliland Region,
Somaliland Region,
Somaliland Region,
South Africa,710.0
South Africa,710.0
South Africa,710.0
South Africa,710.0
South Africa,710.0
South Africa,710.0
South Africa,710.0
South Africa,710.0
South Africa,710.0
South Africa,710.0
South Africa,710.0
South Africa,710.0
South Africa,710.0
South Sudan,728.0
South Sudan,728.0
South Sudan,728.0
South Sudan,728.0
South Sudan,728.0
Spain,724.0
Spain,724.0
Spain,724.0
Spain,724.0
Spain,724.0
Spain,724.0
Spain,724.0
Spain,724.0
Spain,724.0
Spain,724.0
Spain,724.0
Spain,724.0
Spain,724.0
Sri Lanka,144.0
Sri Lanka,144.0
Sri Lanka,144.0
Sri Lanka,144.0
Sri Lanka,144.0
Sri Lanka,144.0
Sri Lanka,144.0
Sri Lanka,144.0
Sri Lanka,144.0
Sri Lanka,144.0
Sri Lanka,144.0
Sri Lanka,144.0
Sri Lanka,144.0
State of Palestine,275.0
State of Palestine,275.0
State of Palestine,275.0
State of Palestine,275.0
State of Palestine,275.0
State of Palestine,275.0
State of Palestine,275.0
State of Palestine,275.0
State of Palestine,275.0
State of Palestine,275.0
State of Palestine,275.0
State of Palestine,275.0
State of Palestine,275.0
Sudan,729.0
Sudan,729.0
Sudan,729.0
Sudan,729.0
Sudan,729.0
Sudan,729.0
Suriname,740.0
Suriname,740.0
Suriname,740.0
Swaziland,748.0
Swaziland,748.0
Swaziland,748.0
Swaziland,748.0
Swaziland,748.0
Sweden,752.0
Sweden,752.0
Sweden,752.0
Sweden,752.0
Sweden,752.0
Sweden,752.0
Sweden,752.0
Sweden,752.0
Sweden,752.0
Sweden,752.0
Sweden,752.0
Sweden,752.0
Sweden,752.0
Switzerland,756.0
Switzerland,756.0
Switzerland,756.0
Switzerland,756.0
Switzerland,756.0
Switzerland,756.0
Switzerland,756.0
Switzerland,756.0
Switzerland,756.0
Switzerland,756.0
Switzerland,756.0
Switzerland,756.0
Switzerland,756.0
Syria,760.0
Syria,760.0
Syria,760.0
Syria,760.0
Syria,760.0
Syria,760.0
Syria,760.0
Taiwan Province of China,158.0
Taiwan Province of China,158.0
Taiwan Province of China,158.0
Taiwan Province of China,158.0
Taiwan Province of China,158.0
Taiwan Province of China,158.0
Taiwan Province of China,158.0
Taiwan Province of China,158.0
Taiwan Province of China,158.0
Taiwan Province of China,158.0
Taiwan Province of China,158.0
Taiwan Province of China,158.0
Taiwan Province of China,158.0
Tajikistan,762.0
Tajikistan,762.0
Tajikistan,762.0
Tajikistan,762.0
Tajikistan,762.0
Tajikistan,762.0
Tajikistan,762.0
Tajikistan,762.0
Tajikistan,762.0
Tajikistan,762.0
Tajikistan,762.0
Tajikistan,762.0
Tajikistan,762.0
Tanzania,834.0
Tanzania,834.0
Tanzania,834.0
Tanzania,834.0
Tanzania,834.0
Tanzania,834.0
Tanzania,834.0
Tanzania,834.0
Tanzania,834.0
Tanzania,834.0
Tanzania,834.0
Tanzania,834.0
Tanzania,834.0
Thailand,764.0
Thailand,764.0
Thailand,764.0
Thailand,764.0
Thailand,764.0
Thailand,764.0
Thailand,764.0
Thailand,764.0
Thailand,764.0
Thailand,764.0
Thailand,764.0
Thailand,764.0
Thailand,764.0
Togo,768.0
Togo,768.0
Togo,768.0
Togo,768.0
Togo,768.0
Togo,768.0
Togo,768.0
Togo,768.0
Togo,768.0
Togo,768.0
Togo,768.0
Togo,768.0
Togo,768.0
Trinidad and Tobago,780.0
Trinidad and Tobago,780.0
Trinidad and Tobago,780.0
Trinidad and Tobago,780.0
Trinidad and Tobago,780.0
Trinidad and Tobago,780.0
Trinidad and Tobago,780.0
Trinidad and Tobago,780.0
Trinidad and Tobago,780.0
Tunisia,788.0
Tunisia,788.0
Tunisia,788.0
Tunisia,788.0
Tunisia,788.0
Tunisia,788.0
Tunisia,788.0
Tunisia,788.0
Tunisia,788.0
Tunisia,788.0
Tunisia,788.0
Tunisia,788.0
Tunisia,788.0
Türkiye,792.0
Türkiye,792.0
Türkiye,792.0
Türkiye,792.0
Türkiye,792.0
Türkiye,792.0
Türkiye,792.0
Türkiye,792.0
Türkiye,792.0
Türkiye,792.0
Türkiye,792.0
Türkiye,792.0
Türkiye,792.0
Turkmenistan,795.0
Turkmenistan,795.0
Turkmenistan,795.0
Turkmenistan,795.0
Turkmenistan,795.0
Turkmenistan,795.0
Turkmenistan,795.0
Turkmenistan,795.0
Turkmenistan,795.0
Turkmenistan,795.0
Uganda,800.0
Uganda,800.0
Uganda,800.0
Uganda,800.0
Uganda,800.0
Uganda,800.0
Uganda,800.0
Uganda,800.0
Uganda,800.0
Uganda,800.0
Uganda,800.0
Uganda,800.0
Uganda,800.0
Ukraine,804.0
Ukraine,804.0
Ukraine,804.0
Ukraine,804.0
Ukraine,804.0
Ukraine,804.0
Ukraine,804.0
Ukraine,804.0
Ukraine,804.0
Ukraine,804.0
Ukraine,804.0
Ukraine,804.0
Ukraine,804.0
United Arab Emirates,784.0
United Arab Emirates,784.0
United Arab Emirates,784.0
United Arab Emirates,784.0
United Arab Emirates,784.0
United Arab Emirates,784.0
United Arab Emirates,784.0
United Arab Emirates,784.0
United Arab Emirates,784.0
United Arab Emirates,784.0
United Arab Emirates,784.0
United Arab Emirates,784.0
United Arab Emirates,784.0
United Kingdom,826.0
United Kingdom,826.0
United Kingdom,826.0
United Kingdom,826.0
United Kingdom,826.0
United Kingdom,826.0
United Kingdom,826.0
United Kingdom,826.0
United Kingdom,826.0
United Kingdom,826.0
United Kingdom,826.0
United Kingdom,826.0
United Kingdom,826.0
United States,840.0
United States,840.0
United States,840.0
United States,840.0
United States,840.0
United States,840.0
United States,840.0
United States,840.0
United States,840.0
United States,840.0
United States,840.0
United States,840.0
United States,840.0
Uruguay,858.0
Uruguay,858.0
Uruguay,858.0
Uruguay,858.0
Uruguay,858.0
Uruguay,858.0
Uruguay,858.0
Uruguay,858.0
Uruguay,858.0
Uruguay,858.0
Uruguay,858.0
Uruguay,858.0
Uruguay,858.0
Uzbekistan,860.0
Uzbekistan,860.0
Uzbekistan,860.0
Uzbekistan,860.0
Uzbekistan,860.0
Uzbekistan,860.0
Uzbekistan,860.0
Uzbekistan,860.0
Uzbekistan,860.0
Uzbekistan,860.0
Uzbekistan,860.0
Uzbekistan,860.0
Uzbekistan,860.0
Venezuela,862.0
Venezuela,862.0
Venezuela,862.0
Venezuela,862.0
Venezuela,862.0
Venezuela,862.0
Venezuela,862.0
Venezuela,862.0
Venezuela,862.0
Venezuela,862.0
Venezuela,862.0
Venezuela,862.0
Venezuela,862.0
Viet Nam,704.0
Viet Nam,704.0
Viet Nam,704.0
Viet Nam,704.0
Viet Nam,704.0
Viet Nam,704.0
Viet Nam,704.0
Viet Nam,704.0
Viet Nam,704.0
Viet Nam,704.0
Viet Nam,704.0
Viet Nam,704.0
Viet Nam,704.0
Yemen,887.0
Yemen,887.0
Yemen,887.0
Yemen,887.0
Yemen,887.0
Yemen,887.0
Yemen,887.0
Yemen,887.0
Yemen,887.0
Yemen,887.0
Yemen,887.0
Yemen,887.0
Zambia,894.0
Zambia,894.0
Zambia,894.0
Zambia,894.0
Zambia,894.0
Zambia,894.0
Zambia,894.0
Zambia,894.0
Zambia,894.0
Zambia,894.0
Zambia,894.0
Zambia,894.0
Zambia,894.0
Zimbabwe,716.0
Zimbabwe,716.0
Zimbabwe,716.0
Zimbabwe,716.0
Zimbabwe,716.0
Zimbabwe,716.0
Zimbabwe,716.0
Zimbabwe,716.0
Zimbabwe,716.0
Zimbabwe,716.0
Zimbabwe,716.0
Zimbabwe,716.0
Zimbabwe,716.0
